{
	"info": {
		"_postman_id": "4f545850-9c84-402a-a7fe-ca2e5c82a1ff",
		"name": "restful-booker",
		"schema": "https://schema.getpostman.com/json/collection/v2.1.0/collection.json",
		"_exporter_id": "6713694"
	},
	"item": [
		{
			"name": "Authorization",
			"request": {
				"method": "POST",
				"header": [
					{
						"key": "Content-Type",
						"value": "application/json"
					}
				],
				"body": {
					"mode": "raw",
					"raw": "{\n    \"username\" : \"admin\",\n    \"password\" : \"password123\"\n}"
				},
				"url": {
					"raw": "https://restful-booker.herokuapp.com/auth",
					"protocol": "https",
					"host": [
						"restful-booker",
						"herokuapp",
						"com"
					],
					"path": [
						"auth"
					]
				}
			},
			"response": []
		},
		{
			"name": "Create Booking Positive Test - With All Required Fields",
			"event": [
				{
					"listen": "prerequest",
					"script": {
						"exec": [
							""
						],
						"type": "text/javascript"
					}
				},
				{
					"listen": "test",
					"script": {
						"exec": [
							"pm.test(\"Status code is 200\", function () {",
							"    pm.response.to.have.status(200);",
							"});",
							"",
							"pm.test(\"Response body is not empty\", function () {",
							"    pm.response.to.have.jsonBody();",
							"});"
						],
						"type": "text/javascript"
					}
				}
			],
			"request": {
				"method": "POST",
				"header": [
					{
						"key": "Content-Type",
						"value": "application/json"
					}
				],
				"body": {
					"mode": "raw",
					"raw": "{\n    \"firstname\": \"Nikita\",\n    \"lastname\": \"Testing\",\n    \"totalprice\": 100,\n    \"depositpaid\": true,\n    \"bookingdates\": {\n        \"checkin\": \"2022-01-01\",\n        \"checkout\": \"2022-01-05\"\n    },\n        \"additionalneeds\": \"Breakfast\"\n}"
				},
				"url": {
					"raw": "{{baseURL}}/booking",
					"host": [
						"{{baseURL}}"
					],
					"path": [
						"booking"
					]
				}
			},
			"response": []
		},
		{
			"name": "Create Booking Positive Test - With All Fields",
			"event": [
				{
					"listen": "prerequest",
					"script": {
						"exec": [
							""
						],
						"type": "text/javascript"
					}
				},
				{
					"listen": "test",
					"script": {
						"exec": [
							"pm.test(\"Create Booking Positive Test - With All Fields\", function () {",
							"    var jsonData = {",
							"        \"firstname\": \"John\",",
							"        \"lastname\": \"Doe\",",
							"        \"totalprice\": 100,",
							"        \"depositpaid\": true,",
							"        \"bookingdates\": {",
							"            \"checkin\": \"2022-01-01\",",
							"            \"checkout\": \"2022-01-05\"",
							"        },",
							"        \"additionalneeds\": \"Breakfast\",",
							"        \"bookingid\": 1",
							"    };",
							"",
							"    pm.sendRequest({",
							"        url: pm.environment.get(\"baseURL\") + \"/booking\",",
							"        method: 'POST',",
							"        header: {'Content-Type': 'application/json'},",
							"        body: jsonData,",
							"    }, function (err, res) {",
							"        pm.response.to.have.status(200);",
							"        pm.response.to.have.jsonBody();",
							"    });",
							"});",
							""
						],
						"type": "text/javascript"
					}
				}
			],
			"request": {
				"method": "POST",
				"header": [
					{
						"key": "Content-Type",
						"value": "application/json"
					}
				],
				"body": {
					"mode": "raw",
					"raw": "{\n    \"firstname\": \"John\",\n    \"lastname\": \"Doe\",\n    \"totalprice\": 100,\n    \"depositpaid\": true,\n    \"bookingdates\": {\n        \"checkin\": \"2022-01-01\",\n        \"checkout\": \"2022-01-05\"\n        },\n        \"additionalneeds\": \"Breakfast\"\n    }"
				},
				"url": {
					"raw": "{{baseURL}}/booking",
					"host": [
						"{{baseURL}}"
					],
					"path": [
						"booking"
					]
				}
			},
			"response": []
		},
		{
			"name": "Create Booking Positive Test - With All Fields Copy",
			"event": [
				{
					"listen": "prerequest",
					"script": {
						"exec": [
							""
						],
						"type": "text/javascript"
					}
				},
				{
					"listen": "test",
					"script": {
						"exec": [
							"pm.test(\"Create Booking Positive Test - With All Fields\", function () {",
							"    var jsonData = {",
							"        \"firstname\": \"John\",",
							"        \"lastname\": \"Doe\",",
							"        \"totalprice\": 100,",
							"        \"depositpaid\": true,",
							"        \"bookingdates\": {",
							"            \"checkin\": \"2022-01-01\",",
							"            \"checkout\": \"2022-01-05\"",
							"        },",
							"        \"additionalneeds\": \"Breakfast\",",
							"        \"bookingid\": 1",
							"    };",
							"",
							"    pm.sendRequest({",
							"        url: pm.environment.get(\"baseURL\") + \"/booking\",",
							"        method: 'POST',",
							"        header: {'Content-Type': 'application/json'},",
							"        body: jsonData,",
							"    }, function (err, res) {",
							"        pm.response.to.have.status(200);",
							"        pm.response.to.have.jsonBody();",
							"    });",
							"});",
							""
						],
						"type": "text/javascript"
					}
				}
			],
			"request": {
				"method": "POST",
				"header": [
					{
						"key": "Content-Type",
						"value": "application/json"
					}
				],
				"body": {
					"mode": "raw",
					"raw": "{\n    \"firstname\": \"John\",\n    \"lastname\": \"Doe\",\n    \"totalprice\": 100,\n    \"depositpaid\": true,\n    \"bookingdates\": {\n        \"checkin\": \"2022-01-01\",\n        \"checkout\": \"2022-01-05\"\n        },\n        \"additionalneeds\": \"Breakfast\"\n    }"
				},
				"url": {
					"raw": "{{baseURL}}/booking",
					"host": [
						"{{baseURL}}"
					],
					"path": [
						"booking"
					]
				}
			},
			"response": []
		}
	],
	"variable": [
		{
			"key": "baseURL",
			"value": "https://restful-booker.herokuapp.com"
		}
	]
}